ID,Pred
1,0.2620630490843037
2,0.8208547416291435
3,0.9194654495805085
4,0.5396755256068982
5,0.528551813720314
6,0.46350729562110465
7,0.47835410379383486
8,0.15814079692370867
9,0.2738823076854522
10,0.3751940403376052
11,0.1925171648544307
12,0.7527180449650474
13,0.5495375423546986
14,0.17207987895714894
15,0.24318835113751408
16,0.10264995290860932
17,0.3167318935553362
18,0.1629875484924266
19,0.14684521629771607
20,0.08118287744823283
21,0.5529460985736653
22,0.9841722562920909
23,0.9489547452458552
24,0.44591582181837974
25,0.21586943062965824
26,0.5153930437512186
27,0.3513737474461599
28,0.17856005530135777
29,0.9281896989989209
30,0.2067751150706258
31,0.7545644149988789
32,0.8370186052614152
33,0.5701268253587615
34,0.36178824030512974
35,0.9369650910777748
36,0.9282160873180065
37,0.39431238229082355
38,0.8929239388415103
39,0.4704086525009653
40,0.8540716649519557
41,0.46327317144977204
42,0.9719986672356246
43,0.44459599634874025
44,0.07595844304296526
45,0.5575938413880981
46,0.3526124557353099
47,0.1834673665715012
48,0.9149193598912768
49,0.9747325893827568
50,0.5216699261887177
51,0.2680632412511432
52,0.22127210055435895
53,0.6536068490867728
54,0.4409265035658279
55,0.34144373142242596
56,0.06883460144762837
57,0.4944186470957678
58,0.7195787553812519
59,0.7421286313985523
60,0.968197676963027
61,0.18533411177947187
62,0.9472001972705302
63,0.6898105760152906
64,0.1843994006409239
65,0.34205724575029534
66,0.39604732785137037
67,0.5729242465763628
68,0.6608032033730414
69,0.21735471810204798
70,0.4458286690592871
71,0.00863167916239909
72,0.1466952167389548
73,0.7064949386900765
74,0.6769842748651629
75,0.9862408458600709
76,0.8266282920766883
77,0.6513572671108725
78,0.0673214654694104
79,0.6997410929987576
80,0.3879842013141927
81,0.08064431691726197
82,0.36975520180522525
83,0.1071285894538102
84,0.949135246174503
85,0.5550895311989954
86,0.5748820156634628
87,0.1916682799253422
88,0.2374878337226798
89,0.9417077817828949
90,0.5313540740543077
91,0.11230161226987975
92,0.32044880541729803
93,0.48566653885648065
94,0.575007963522914
95,0.8932347514870131
96,0.60841049958572
97,0.7377309126475445
98,0.44431220296032875
99,0.6488264989154003
100,0.9244529482544384
101,0.2983052455824111
102,0.5122507016940928
103,0.5154668008843201
104,0.8389974158045621
105,0.6034985573576884
106,0.4633683361147166
107,0.8798764817750466
108,0.3795742979203622
109,0.9761819136469445
110,0.7523111102537965
111,0.8373995384954418
112,0.2538714906391856
113,0.27299852340277386
114,0.41741705033863175
115,0.3238998164699416
116,0.11551241174062195
117,0.9777265443367882
118,0.30455626067347435
119,0.7069134345814929
120,0.8662698698743162
121,0.07050688431864297
122,0.1507627108746397
123,0.17321747187652067
124,0.8141299153728847
125,0.2565908658884307
126,0.9748667590543955
127,0.38418130445929305
128,0.3070636925643521
129,0.10640481624891406
130,0.536059180599887
131,0.9142704256485443
132,0.3447542388483159
133,0.2081364839567236
134,0.08590287283949852
135,0.6181872661521
136,0.45754574317140095
137,0.14749249347973128
138,0.15312382425195656
139,0.8223438286331246
140,0.6602690107666783
141,0.8539706578160577
142,0.8006485595773503
143,0.45143932102698614
144,0.25520425702929966
145,0.4849573061290941
146,0.6130440179213299
147,0.2928445503524024
148,0.4715062881276826
149,0.5788062544854609
150,0.1865883277271966
151,0.9702466849079225
152,0.5231577066134891
153,0.5254473388257842
154,0.46439981361283356
155,0.19163339232556736
156,0.9075213057572828
157,0.41741705033863175
158,0.3296777508333383
159,0.73498690804091
160,0.9944058041714198
161,0.4335932630690454
162,0.9301486941484475
163,0.9684456401056825
164,0.8724179368154223
165,0.28934561501979983
166,0.32890250274250876
167,0.15812600865414098
168,0.7929074875635411
169,0.9729664673521669
170,0.24186315695512717
171,0.494945797031749
172,0.6370695952112593
173,0.5648747242887909
174,0.5698314850489958
175,0.28522656805051055
176,0.6491855208153133
177,0.31006481021772403
178,0.17152699507012836
179,0.8908795665208378
180,0.810796357770459
181,0.26509411375753056
182,0.7549709545145434
183,0.1610453262186044
184,0.8307602300515238
185,0.2551444045511214
186,0.15394442142836212
187,0.785187194320775
188,0.6661042060188188
189,0.5536562892857637
190,0.7540876828630885
191,0.9757326022480152
192,0.5835160670748375
193,0.963131013043482
194,0.450049486734092
195,0.5551008263675039
196,0.24405354658612502
197,0.9790896914003954
198,0.2970808642793031
199,0.8785997753886156
200,0.23729706850998672
201,0.08549646317163793
202,0.6546284516147094
203,0.8033350340728632
204,0.9506854417319655
205,0.07307329670085935
206,0.9385100344301387
207,0.8990457392206117
208,0.09046097951566909
209,0.9754591455277707
210,0.12259479173922204
211,0.3718866867687851
212,0.576178655118974
213,0.0458023613427709
214,0.6289693789539939
215,0.5784034096156203
216,0.4704654366806543
217,0.8374125686047681
218,0.2743374535504429
219,0.04190384378695381
220,0.3746091291492782
221,0.47013011258446735
222,0.23634030321806185
223,0.2648958504986225
224,0.16708213063640798
225,0.9510568031634641
226,0.19216099769766992
227,0.5081688728079619
228,0.10078506987302632
229,0.7635327961959714
230,0.5453891054572106
231,0.2915134516977298
232,0.8668490365379707
233,0.19267819616989335
234,0.628541098915572
235,0.16175028287988602
236,0.5753117972677847
237,0.9109243541388354
238,0.30112662218335046
239,0.43113045174736864
240,0.3654929446517996
241,0.6099899495769365
242,0.9563802761403141
243,0.6881613847634077
244,0.8797776829544552
245,0.16830859571905332
246,0.7230636293097836
247,0.9564953301170762
248,0.8502962601869617
249,0.8173148074794571
250,0.7975427029905973
251,0.37428911445652907
252,0.29990564321237717
253,0.3759691452535691
254,0.837280911588473
255,0.6902806467981732
256,0.3736927150991068
257,0.684346801364556
258,0.8557371668011685
259,0.35150907981092383
260,0.21059358677055262
261,0.41259011813362667
262,0.3044176427550571
263,0.9761718711056622
264,0.316291462626933
265,0.29987088898429787
266,0.9092637347486434
267,0.05539982464580674
268,0.38866673464265694
269,0.1841682095428566
270,0.8409348623980972
271,0.5448516283944386
272,0.13879747704029388
273,0.7798190097498717
274,0.4344751038781464
275,0.8890591731837995
276,0.24864259847412234
277,0.5212579568574403
278,0.8461886912612538
279,0.3566145961864656
280,0.2958482905695857
281,0.9870577308205966
282,0.28677240915271734
283,0.8064837347358399
284,0.3241011203902405
285,0.8725644040026884
286,0.9001173051704109
287,0.5356745252113283
288,0.9446519741834049
289,0.08483887427304285
290,0.8823278717831504
291,0.443434221138852
292,0.2924925220568474
293,0.045450157783562324
294,0.7007695872214841
295,0.5386068616519262
296,0.22687233751948938
297,0.43654926726928756
298,0.8731644070754383
299,0.27001285035482236
300,0.5058305005504399
301,0.6357834544116114
302,0.9750825864766625
303,0.6738261150024105
304,0.8548453711880506
305,0.17110596192648614
306,0.4458511222553485
307,0.9625388971281101
308,0.4552718485424958
309,0.14778815514853155
310,0.7040876208162948
311,0.3119308922927026
312,0.18998882244940998
313,0.25214068169312287
314,0.939681049256364
315,0.548075672278945
316,0.06491318954047014
317,0.19361532758578448
318,0.7182283854108117
319,0.42168735858337736
320,0.21964150436430724
321,0.8497043453117767
322,0.3669780698567407
323,0.3645255191335896
324,0.9537361785581475
325,0.6494985242833544
326,0.2709689629487696
327,0.914101497159884
328,0.8168137408558485
329,0.21670214867591053
330,0.6681800846644075
331,0.3967814105690949
332,0.6853222930027216
333,0.4727666692425132
334,0.9654043821521964
335,0.92316802187752
336,0.41771138649640555
337,0.6954196117184788
338,0.9026517209119217
339,0.31834635688814217
340,0.24802427664125654
341,0.8299007793612551
342,0.5099022380121377
343,0.23076431812705162
344,0.4739623987930045
345,0.22399033104755053
346,0.2093145982805615
347,0.8043079499799816
348,0.20639838215480616
349,0.9847085270022256
350,0.8033635817635166
351,0.41552150928601433
352,0.3028062281500359
353,0.8028027258308752
354,0.5496677301097181
355,0.4930907877273336
356,0.6729144868353503
357,0.3902818036232919
358,0.8004878782103628
359,0.07005187776286984
360,0.5525407772436817
361,0.6378341492448381
362,0.5126291269761828
363,0.4002124451138702
364,0.4434530287142338
365,0.35084497504935047
366,0.8995269813296561
367,0.28549561239342575
368,0.3949383514292465
369,0.6712530341318991
370,0.07175032630410032
371,0.9474791481816094
372,0.3551548442537839
373,0.06199547376335358
374,0.697686688115189
375,0.36849875747245053
376,0.9098349074136429
377,0.07151548091188345
378,0.21176749849499707
379,0.6072602234689539
380,0.9827519406490328
381,0.8661741756377639
382,0.5444329204764377
383,0.44399924723245604
384,0.15332914559351007
385,0.45556736600161774
386,0.8375164615876904
387,0.6023798160112983
388,0.8260174103966978
389,0.5241315012518996
390,0.17474433228566585
391,0.28277303012272464
392,0.5569610978017546
393,0.38787066825012784
394,0.12831425170472305
395,0.09459475628362381
396,0.1992108118636461
397,0.9569057251632186
398,0.8537371235720452
399,0.6823703639201557
400,0.24946631905183242
401,0.8880505973677384
402,0.8076995644000077
403,0.0032988602022247437
404,0.9762490372067423
405,0.3161156411854531
406,0.5264201661061385
407,0.1587583484221931
408,0.983730090769304
409,0.7592135807715987
410,0.3636356982450681
411,0.901179518318561
412,0.9414683094713311
413,0.05499670982578213
414,0.44237036891794324
415,0.25570960175873003
416,0.1998204767673584
417,0.7440525119588866
418,0.8112976269508354
419,0.9765802022472648
420,0.6321365425862008
421,0.6096937407209985
422,0.8975590375155142
423,0.22442595846114727
424,0.7364249797846826
425,0.2815638736578632
426,0.9010631001560323
427,0.9218333321516481
428,0.04509255138512509
429,0.03540240881253075
430,0.8767106013184521
431,0.2830943542398593
432,0.21950244001080635
433,0.10567656745166845
434,0.6950496519943048
435,0.7619146989584741
436,0.7994659384321849
437,0.5761480813839374
438,0.08394848895386793
439,0.27348843008340734
440,0.5218690385727001
441,0.6319231345183509
442,0.3667754620545448
443,0.02491763613176307
444,0.22003651133544389
445,0.6393062520242121
446,0.1498439515140225
447,0.9002045063915944
448,0.0943222528619003
449,0.09492883789558759
450,0.6354042312618176
451,0.41291696673657324
452,0.43099772443188195
453,0.9266048795506543
454,0.546848026609241
455,0.8246647740205257
456,0.6452851103681206
457,0.675021999795753
458,0.11823168435568246
459,0.598992381051751
460,0.25225724515418957
461,0.22277145617863492
462,0.47802649304408334
463,0.6280858383058067
464,0.7375569010146618
465,0.5770261429554341
466,0.07798163320236316
467,0.3464222932086295
468,0.04369734683722257
469,0.602620748296266
470,0.22167981283989552
471,0.9696891333643568
472,0.34348130885458233
473,0.6036625689567816
474,0.533919616021607
475,0.30506007379204403
476,0.3222210508725757
477,0.3982282066357518
478,0.2330945007880626
479,0.5203738916590287
480,0.9358305412481615
481,0.4634934990578815
482,0.2789184356966319
483,0.3229948601200446
484,0.5462737783776829
485,0.7969431347240408
486,0.3783848852852133
487,0.15070836009853317
488,0.13879723690878432
489,0.4242069236958712
490,0.9140076846765397
491,0.8282020723683294
492,0.09135786575347868
493,0.9022652258268604
494,0.3658018673036775
495,0.5047810496261396
496,0.9590755390141096
497,0.9770315980981321
498,0.2129857552444725
499,0.32717175595081827
500,0.9288416561436041
501,0.06360417754587874
502,0.9930607389410928
503,0.22782473499164582
504,0.6047105584989189
505,0.4809388112971414
506,0.18602341437459638
507,0.8603243417350437
508,0.9568411053893251
509,0.38984396756563433
510,0.2587666892444848
511,0.7704776673044975
512,0.4829572583870435
513,0.9832049432438064
514,0.1301981049437918
515,0.7001560209548249
516,0.6588377663463914
517,0.09225560382574663
518,0.2989311721533498
519,0.8943041504058031
520,0.9037872330807369
521,0.5455918231267484
522,0.23330492277714132
523,0.3390708565542564
524,0.36053184372019154
525,0.30826742674018587
526,0.010493242642668803
527,0.6208976313355467
528,0.4251202054377163
529,0.954077420410822
530,0.20490273701980255
531,0.8805928185938962
532,0.8450228948988797
533,0.16294936753110825
534,0.32284525601378444
535,0.7563331681857464
536,0.26471548547542667
537,0.7690261929785962
538,0.23271036431320308
539,0.046645102357973346
540,0.37775828553486934
541,0.15197020625039634
542,0.06810808790566318
543,0.623968315889388
544,0.5016243846435827
545,0.4410480858686149
546,0.34689460230729374
547,0.7493248920057526
548,0.7522444439999608
549,0.9924242303096621
550,0.3753857013643644
551,0.6743776435217492
552,0.24520504123852754
553,0.4254256818687525
554,0.1281454375872017
555,0.7621099903618371
556,0.5569148183529536
557,0.7860415898769522
558,0.5881838116739926
559,0.9556796478416096
560,0.06826176520048982
561,0.9698146191586846
562,0.37680884406402204
563,0.5909794492588732
564,0.4669040777030938
565,0.7718965630451902
566,0.608672005575937
567,0.8521417892127262
568,0.18383022270087734
569,0.7574791187930886
570,0.08834620797506225
571,0.6735736506083375
572,0.6972976958263261
573,0.32226277105038437
574,0.6574082195631353
575,0.7974473297711142
576,0.5665884520581197
577,0.8187787361602947
578,0.8971643635711586
579,0.8096136041583614
580,0.9316647615707051
581,0.22661687854133686
582,0.1637544873577129
583,0.6601229459054802
584,0.14690446461152956
585,0.09449973365185582
586,0.8145319874901534
587,0.32832489827933453
588,0.4979593623290046
589,0.8329670329524295
590,0.7822965177132429
591,0.3768428722259479
592,0.8296544789323554
593,0.45823281040319175
594,0.3437523709553705
595,0.821416434364732
596,0.8110039816790583
597,0.7182027898791143
598,0.06344769609142888
599,0.8146812118230613
600,0.7480163031366657
601,0.4243980916209616
602,0.9849411004409095
603,0.7249662913728296
604,0.6179343449578679
605,0.9467060789007097
606,0.0642789496598142
607,0.15593254960550595
608,0.23159640346301527
609,0.8686514344395336
610,0.9783472446219932
611,0.7534370484985426
612,0.16533184823252794
613,0.08183888990120687
614,0.8008650565787191
615,0.21807818075638302
616,0.8150228409404725
617,0.5193615785052442
618,0.25858901601960105
619,0.22872416818597072
620,0.43159988916352277
621,0.6520356419737634
622,0.42094977679710394
623,0.8458986249735966
624,0.1687647631422633
625,0.9565321123821202
626,0.8381589669100975
627,0.762760309586018
628,0.25697544595930427
629,0.008874262319055868
630,0.15905292906838348
631,0.027116196360028766
632,0.7196044794468257
633,0.7106389627843919
634,0.6040270178444258
635,0.7680820698788645
636,0.9293140082415989
637,0.31814993048356155
638,0.11748360345251384
639,0.6947937203527459
640,0.9254708808856961
641,0.6691270883528946
642,0.21289644968396906
643,0.5111837083821276
644,0.5370629090159607
645,0.9085974468506803
646,0.375822116023676
647,0.6553796348178017
648,0.7396443746489262
649,0.2412745001564111
650,0.32340509506708776
651,0.30973425695292034
652,0.8535611886625369
653,0.022770261809351253
654,0.737366487348306
655,0.3463687334706634
656,0.0829435292189262
657,0.9129799272735222
658,0.6324472553068538
659,0.22768496453837192
660,0.7870783738261439
661,0.745110499497476
662,0.5057001541721305
663,0.18278268235835318
664,0.3179277117865566
665,0.9714134357325954
666,0.34936935516725326
667,0.36022377566524466
668,0.8804109537523808
669,0.8775150078795555
670,0.9256746227703819
671,0.9011419436919421
672,0.9726724768766856
673,0.3050702558044806
674,0.8572575454790919
675,0.4760999115263478
676,0.21184288529729747
677,0.029769327309144257
678,0.966607547045976
679,0.38746630419659034
680,0.13759255357672723
681,0.49289262059186933
682,0.9758277593866186
683,0.5959500029666611
684,0.36592040930128605
685,0.22962822303228164
686,0.09360893533175184
687,0.2532144682819555
688,0.4005350733004211
689,0.6941775442734953
690,0.06398223607242079
691,0.21331210560850064
692,0.28586067084173905
693,0.821186425271099
694,0.1859678471659065
695,0.1241574308901478
696,0.14576774589188188
697,0.7149676875746793
698,0.9511115147096457
699,0.9826791596532131
700,0.32100257782337116
701,0.04972065478276708
702,0.553828268705055
703,0.23773634606312732
704,0.9484524712440667
705,0.8803702136798734
706,0.12306721032137936
707,0.18821623836489146
708,0.45183797826996197
709,0.909958077153573
710,0.22433598431393711
711,0.47582055949186436
712,0.5420820887498807
713,0.8376167653165827
714,0.24609251221136824
715,0.8055570403185053
716,0.29909246940793954
717,0.776126143616048
718,0.6479585511797338
719,0.4554250258838533
720,0.917558519714047
721,0.9581575193549686
722,0.439481693500524
723,0.3010462813396006
724,0.42388980445959407
725,0.23712442225951327
726,0.9968834673875944
727,0.6369282747033184
728,0.6534785817815959
729,0.7983288135631623
730,0.8467667139758948
731,0.4874347744855467
732,0.8938833846579812
733,0.6190976941067228
734,0.562479676333
735,0.8444483401900594
736,0.36655841345254825
737,0.8750791443893989
738,0.4342085549692296
739,0.8022445371683483
740,0.96155250539355
741,0.14024878065639226
742,0.7027649909928968
743,0.207562636676029
744,0.2674851725580868
745,0.875751232988132
746,0.9590755390141096
747,0.239875652332552
748,0.9126253248088015
749,0.1291776467420629
750,0.9709052110664413
751,0.6780776603009665
752,0.6899363655896598
753,0.4998885336715222
754,0.1253619671703461
755,0.95695211766515
756,0.8084980349330707
757,0.9486313401355422
758,0.10193152352099692
759,0.243654347554821
760,0.35070120455380666
761,0.10956693249007236
762,0.3194543248836192
763,0.6730572480320202
764,0.4202917288731648
765,0.3305345585668498
766,0.3981568313287417
767,0.22304465586755723
768,0.47796464808303285
769,0.8524280866926734
770,0.4803155094451215
771,0.405986652898855
772,0.11307690220261572
773,0.8725024024321432
774,0.6606393053911391
775,0.8109405740526288
776,0.8885147387878644
777,0.9909007838991147
778,0.8680103581469714
779,0.01872576751755306
780,0.3689531956806613
781,0.9273871826117219
782,0.9213719347223837
783,0.6093187455143553
784,0.17567496249521194
785,0.5792906860615792
786,0.0957494535246686
787,0.8761012944020238
788,0.7864668798979451
789,0.5565793862309423
790,0.8787799991633473
791,0.1860536644647591
792,0.4239848343743216
793,0.9417438950034104
794,0.6938649289043342
795,0.7336180694700947
796,0.5158049735737373
797,0.9145522791678925
798,0.38132525063830114
799,0.8714047701681008
800,0.22114303190674203
801,0.526902933463085
802,0.46548185963461813
803,0.5832472667310173
804,0.08847022795121559
805,0.5396455944931594
806,0.7111650030871981
807,0.41741705033863175
808,0.4725474285265082
809,0.6160665196599691
810,0.9660737100070653
811,0.5299723665345244
812,0.2579077437904472
813,0.1364140462307289
814,0.19243519483463464
815,0.8586896235993655
816,0.804532491090584
817,0.1451476120995998
818,0.5872403138200595
819,0.10820653668129812
820,0.5062180670134275
821,0.447453156671528
822,0.1792842808321106
823,0.5074327065119558
824,0.6962827489018681
825,0.23823879493328243
826,0.5450865684916466
827,0.7890522663222996
828,0.7650049133196565
829,0.913363438671833
830,0.6711738642228205
831,0.8057413296549042
832,0.6112115658086489
833,0.942830635927065
834,0.8403278784237297
835,0.3236340607507056
836,0.6132229434967625
837,0.4948230905642146
838,0.2492951668563404
839,0.545160332838601
840,0.7439832989111969
841,0.890577448748057
842,0.02491763613176307
843,0.6097096460355506
844,0.2678361842832659
845,0.6527115033864628
846,0.6139301319973554
847,0.21131247496117134
848,0.22331716111881603
849,0.7510016853961244
850,0.9483892567885991
851,0.9445749118834592
852,0.11335774690316912
853,0.9967202480317698
854,0.9957597212207601
855,0.7137800875368991
856,0.34046423760375116
857,0.8167069631761936
858,0.13456825051045826
859,0.5597771407537073
860,0.42377987987073984
861,0.7014906949765953
862,0.46078678260107553
863,0.0715158818330654
864,0.22784817164414634
865,0.6085471177141094
866,0.043451797990375116
867,0.8069670452284449
868,0.18488622642817676
869,0.8064445052286887
870,0.913267312196699
871,0.6985821766949343
872,0.9591042941247067
873,0.7698994641886148
874,0.9865403249469922
875,0.11524506908644697
876,0.2930042597836372
877,0.4112872681586149
878,0.9686471966776787
879,0.34185827420760406
880,0.4150313348246384
881,0.07441218699256527
882,0.40474587746410723
883,0.49814264124661667
884,0.46179881343978607
885,0.11949385842683143
886,0.9207749966964073
887,0.40446645255365715
888,0.682157746940503
889,0.9947826830172621
890,0.6946408319434367
891,0.20144627031380616
892,0.5786673591367996
893,0.3581332447317436
894,0.9395903515876382
895,0.2648399006154082
896,0.11574420947232414
897,0.015279431085526101
898,0.6613498585174824
899,0.7854887273325638
900,0.8871423464485051
901,0.8506088556766733
902,0.16999063384840504
903,0.2470198235819506
904,0.9118478651488477
905,0.4736026108035013
906,0.422171693632021
907,0.5150742256123885
908,0.7523327227367207
909,0.8024883773841114
910,0.49074104394660145
911,0.14202817022076628
912,0.15108626329772842
913,0.5955413641814399
914,0.5427610359466196
915,0.26927831947469666
916,0.9163585405852882
917,0.29906765890649234
918,0.7974493260379916
919,0.982139197478445
920,0.6517719279753807
921,0.8059348890079281
922,0.32636297042996437
923,0.28640311429979237
924,0.10054690282515445
925,0.6786669820162996
926,0.18424959368773605
927,0.5231604173170721
928,0.3195396027095951
929,0.6884156440375164
930,0.8245121524360433
931,0.1902328518998425
932,0.07879365044883492
933,0.2734713004155769
934,0.7321555571593504
935,0.5350829254165717
936,0.10895655640849045
937,0.8065478300813647
938,0.03703261328112516
939,0.5066993981796548
940,0.38526933568541455
941,0.9790196949838044
942,0.24589950697441373
943,0.2831710883662597
944,0.9973214703472625
945,0.9638616140031123
946,0.26747277246622697
947,0.437875505451972
948,0.051193605137985806
949,0.36686978908828755
950,0.7130433494589513
951,0.14139032735624307
952,0.6211506678266104
953,0.31566101556164894
954,0.8648204724950768
955,0.07050047150397284
956,0.9660465933640474
957,0.3954737626894578
958,0.37766185381228756
959,0.48412559270400823
960,0.05390926799927164
961,0.7916569554090304
962,0.14553058139668323
963,0.36222874029383884
964,0.6568536608549135
965,0.2932586574991629
966,0.3452685303110206
967,0.9584959741945244
968,0.6149342146820258
969,0.9975611718534956
970,0.8837684261992307
971,0.45385745527086757
972,0.8607079017266644
973,0.8667975202255574
974,0.9333629998342697
975,0.9592417319515428
976,0.7453750684030227
977,0.7029723193689933
978,0.35236470505618217
979,0.6282477304084997
980,0.8892617954572808
981,0.28825126246830735
982,0.20207852660297562
983,0.3424291902539195
984,0.44430683611981364
985,0.050604755966587776
986,0.18737942184769113
987,0.939943058368476
988,0.8249327530485849
989,0.3135006762675248
990,0.2584125233156159
991,0.9628595064874375
992,0.8019146743317305
993,0.6887258116188186
994,0.23237797700862564
995,0.4259196755494744
996,0.725949454578532
997,0.9773484910782334
998,0.19601584586127668
999,0.4148753212970857
1000,0.8908829331561713
1001,0.9499862285172062
1002,0.8720985895337229
1003,0.7451755448441119
1004,0.396922203720657
1005,0.2449656476170036
1006,0.9061025381114416
1007,0.8209524186301762
1008,0.8350233328276764
1009,0.2069181639035949
1010,0.6519490486754137
1011,0.3836112612684524
1012,0.46228666800422274
1013,0.3308165590372927
1014,0.39795774703695597
1015,0.7621099903618371
1016,0.5556676581511604
1017,0.1060094649652484
1018,0.6917509591842612
1019,0.89920321773396
1020,0.889885475122874
1021,0.41741705033863175
1022,0.2907450131615886
1023,0.13315510318768387
1024,0.9748736628134064
1025,0.7307098083946949
1026,0.7162105070776487
1027,0.07612316312848706
1028,0.20865015708798834
1029,0.6300134957419086
1030,0.5965336394636435
1031,0.9479388954550362
1032,0.09741211928603831
1033,0.8319106900842603
1034,0.3034284606144963
1035,0.8789977233788889
1036,0.15059877545860365
1037,0.37820873165524377
1038,0.9095927494897575
1039,0.38245812744866414
1040,0.16673644946439176
1041,0.8926107759700662
1042,0.515867610638126
1043,0.29155812159354894
1044,0.7323678094236562
1045,0.7527984165367521
1046,0.1246720987945647
1047,0.5848159295664338
1048,0.33776195155403516
1049,0.19265487163874326
1050,0.20853612857571818
1051,0.7144605645846835
1052,0.9790918516429152
1053,0.94964128046535
1054,0.28547448783940127
1055,0.5191992116650724
1056,0.9048964279799694
1057,0.331071249640901
1058,0.2998740934469933
1059,0.7535757416880094
1060,0.10728570084618813
1061,0.10859997924783639
1062,0.2916737648204623
1063,0.9417011739639461
1064,0.15076005793088387
1065,0.2669565234551631
1066,0.7441367689592561
1067,0.1873207371052844
1068,0.8259080029553554
1069,0.8938420699448584
1070,0.3511419481710014
1071,0.37142702918705583
1072,0.29329051882200957
1073,0.18962057762951895
1074,0.22187761251797392
1075,0.6550466036629579
1076,0.7021513605176372
1077,0.24832014237178507
1078,0.4946112859501858
1079,0.8775976160728192
1080,0.8108465002536361
1081,0.4068172899608016
1082,0.36568938555912545
1083,0.20713492506455006
1084,0.9679366902848351
1085,0.43647303821462885
1086,0.8290641320702083
1087,0.9388411660256571
1088,0.9392314395162357
1089,0.22164987003352787
1090,0.6526170798823895
1091,0.713503155251122
1092,0.518351750539808
1093,0.37353068605241285
1094,0.19872264072831541
1095,0.8083384171767144
1096,0.4138217043140361
1097,0.8885033886044523
1098,0.9845339882960437
1099,0.8813389622223308
1100,0.3160111383207097
1101,0.891616757002916
1102,0.9313503384983572
1103,0.9684186670580573
1104,0.13859835467114445
1105,0.7471405656353621
1106,0.78840696863104
1107,0.1698957950412049
1108,0.1974823343797004
1109,0.44778595496993856
1110,0.7565318272195573
1111,0.7565840267665477
1112,0.6794339064567105
1113,0.5235716405301032
1114,0.8379632858063439
1115,0.48177820091446
1116,0.5136550475192665
1117,0.5988605764848361
1118,0.5141006677230362
1119,0.08678109005840659
1120,0.9037776489957137
1121,0.36905486617853617
1122,0.763619993780238
1123,0.7777492332902457
1124,0.7654750598547988
1125,0.31084174682502747
1126,0.13422651992061085
1127,0.04655429438490979
1128,0.42634378062721023
1129,0.9670616791508444
1130,0.6515534779584887
1131,0.9846876815453833
1132,0.622936031212002
1133,0.4659120337064661
1134,0.1278992479617573
1135,0.5902872691575075
1136,0.7707159745549615
1137,0.3084950447878282
1138,0.12884177408797112
1139,0.6064589640473037
1140,0.6049660009554174
1141,0.35556647167678235
1142,0.34694542025640995
1143,0.1206104918238011
1144,0.16086234206957217
1145,0.14706396448977332
1146,0.6519135589004615
1147,0.15409769518080482
1148,0.6163876415959884
1149,0.6334455569675922
1150,0.4822675086509202
1151,0.24148177614927213
1152,0.7135769629286941
1153,0.39878981394799046
1154,0.5288471939721754
1155,0.9598578345844593
1156,0.589690021321172
1157,0.9434760186880281
1158,0.10982691704642694
1159,0.5730383469088856
1160,0.9193136116237665
1161,0.1997920670556702
1162,0.45780157625274714
1163,0.5152616389687988
1164,0.9151155826068309
1165,0.3567105782053424
1166,0.9419915635764866
1167,0.5316507379672304
1168,0.41741705033863175
1169,0.9087625698193806
1170,0.611301907875389
1171,0.10120577716061126
1172,0.5412949592177622
1173,0.7506360849192208
1174,0.801229584032461
1175,0.1815972710756105
1176,0.9647125413100107
1177,0.9696616965394019
1178,0.9359339045758683
1179,0.7082271239499804
1180,0.6819997077642871
1181,0.9106433235145541
1182,0.6778671022144673
1183,0.556233764766381
1184,0.04473668988303181
1185,0.8579582863117576
1186,0.44085446121814287
1187,0.9312938246759059
1188,0.9947826830172621
1189,0.9731438754943039
1190,0.36880120613447276
1191,0.31507721217971707
1192,0.27447501365755417
1193,0.48406391430836154
1194,0.13683427554945726
1195,0.840521702496871
1196,0.9404516643392135
1197,0.07298102244227846
1198,0.9090261503264381
1199,0.09458815089530898
1200,0.22048752240053637
1201,0.028126554112811272
1202,0.1341181379069431
1203,0.6155232952529984
1204,0.41776592844275884
1205,0.8383901451058124
1206,0.9644102383239546
1207,0.7467282415222339
1208,0.5024107559457306
1209,0.720814713411613
1210,0.873476487683555
1211,0.2065642200114444
1212,0.9082220759096528
1213,0.37496930575130616
1214,0.6228256495981208
1215,0.3366018473174738
1216,0.057776667793064264
1217,0.9408035928378471
1218,0.37886734837807545
1219,0.5935608374980629
1220,0.892088731215268
1221,0.41815025607161854
1222,0.7448807725224386
1223,0.94606619036984
1224,0.9355884788261462
1225,0.5507878659438761
1226,0.28602815924686764
1227,0.6283405931857234
1228,0.623734506559021
1229,0.8879362048611847
1230,0.41038064444373257
1231,0.6111593076271541
1232,0.5375889133236593
1233,0.43763518874119983
1234,0.47280686261777294
1235,0.2847371151028731
1236,0.6685478482542363
1237,0.5925447103700753
1238,0.8169097600185244
1239,0.044806996919515896
1240,0.2736691298951531
1241,0.6896307149924428
1242,0.9569057251632186
1243,0.5282618672075978
1244,0.8795973664642553
1245,0.15069973946544818
1246,0.05177410534366463
1247,0.3063085978284326
1248,0.7694956073066032
1249,0.8787207370226284
1250,0.17395913291382076
1251,0.5359758487514078
1252,0.9210713118000554
1253,0.2266925785577875
1254,0.8164510020824687
1255,0.4697516222225817
1256,0.2720370205491586
1257,0.1305466443149226
1258,0.6652732787368669
1259,0.20568986340233586
1260,0.7090675542755231
1261,0.7312131990974953
1262,0.14352744578895174
1263,0.8498922758277825
1264,0.9810743773198874
1265,0.4183130002381032
1266,0.9834062076135541
1267,0.8594964591813987
1268,0.17434336560217195
1269,0.8388534497816169
1270,0.008621941265421502
1271,0.34950454604722425
1272,0.3364433992895335
1273,0.13019484004991774
1274,0.367293650276777
1275,0.06065480120178684
1276,0.623995775155004
1277,0.5865198592410625
1278,0.09083027277683736
1279,0.08085258223436663
1280,0.7621099903618371
1281,0.9345102638452801
1282,0.9209099831805351
1283,0.04958778028972097
1284,0.28997177369705834
1285,0.919788421884864
1286,0.9557833642908534
1287,0.7331550050670691
1288,0.4940701732714606
1289,0.47155368286414934
1290,0.31398156054221243
1291,0.9981600927085239
1292,0.585689590021103
1293,0.2987989108100645
1294,0.6534391621969096
1295,0.7302004553388803
1296,0.4331487862305189
1297,0.996298141281362
1298,0.9014331667895894
1299,0.13632914921229108
1300,0.3162723600408971
1301,0.9375544648366206
1302,0.9783452686794033
1303,0.4331457872434234
1304,0.17110610895031933
1305,0.7186896722568558
1306,0.6544814644968808
1307,0.13834587126868136
1308,0.12519872253136105
1309,0.3781595027928748
1310,0.693087508530555
1311,0.06166450256689668
1312,0.09251502174413383
1313,0.41741705033863175
1314,0.48254971568880667
1315,0.28046753908030225
1316,0.4484641677546192
1317,0.27242719359663053
1318,0.5289640959586944
1319,0.009164452713130575
1320,0.16733766318316196
1321,0.19128681492847938
1322,0.5564484843696214
1323,0.6799691176165326
1324,0.8518677625091735
1325,0.4504906435710145
1326,0.8938308311356019
1327,0.1754926441229676
1328,0.6150558361660855
1329,0.15704160727984182
1330,0.26781745508174837
1331,0.6205851280841633
1332,0.3265267815118764
1333,0.142191218842476
1334,0.7153878974842309
1335,0.9104443831166575
1336,0.19728671612335524
1337,0.3499582551682791
1338,0.2013345108702506
1339,0.7743768239646507
1340,0.27725208376280164
1341,0.7754171384823053
1342,0.5660387583456259
1343,0.30343095249625607
1344,0.2502530633992515
1345,0.19481019272122235
1346,0.9310335637435532
1347,0.06616973105596079
1348,0.5909183762904238
1349,0.6413376563947072
1350,0.2327181507775908
1351,0.9314056490824588
1352,0.24973437710925794
1353,0.0883731867953374
1354,0.8736216983058613
1355,0.07179545197046364
1356,0.07557490893670257
1357,0.7341252083621829
1358,0.8768909745210371
1359,0.22142086785465667
1360,0.2873947601299128
1361,0.23380594816692252
1362,0.9279110875312899
1363,0.857348778893818
1364,0.9018212430144051
1365,0.14585674414413172
1366,0.5226672957395564
1367,0.09622291226870267
1368,0.8142045085165045
1369,0.21631582252428636
1370,0.6115414431066225
1371,0.5999880982631363
1372,0.6686108779074148
1373,0.33646391480322585
1374,0.21850881443191286
1375,0.347094080667644
1376,0.14247203585922216
1377,0.5661201388429244
1378,0.2093494000201718
1379,0.9889979281551704
1380,0.6417803233971106
1381,0.8060718960614732
1382,0.24072586853607333
1383,0.9442971038276031
1384,0.8176634221464789
1385,0.22622392397556107
1386,0.20278880335461422
1387,0.6890224783307608
1388,0.18973938924674888
1389,0.31925834560805383
1390,0.29415408174255575
1391,0.4014737468470231
1392,0.6208565434649279
1393,0.24655972377183416
1394,0.3329336840175728
1395,0.6884797592651024
1396,0.16521436703589437
1397,0.8692523608274084
1398,0.15063614516765717
1399,0.4615446040636255
1400,0.16307349434161011
1401,0.868214499170033
1402,0.2530283563976641
1403,0.8697680192048609
1404,0.9535061344151857
1405,0.9789049938964864
1406,0.9169056097263586
1407,0.013761502821956768
1408,0.024233759161816828
1409,0.4004384455530416
1410,0.7936518957695596
1411,0.2997707894237192
1412,0.3780127076027742
1413,0.30059091312831676
1414,0.9487759223260466
1415,0.8858988032159668
1416,0.9092967458226002
1417,0.4564636591935628
1418,0.3464738323850309
1419,0.26241871478120815
1420,0.39154758266310663
1421,0.6699063683809305
1422,0.30331477479346425
1423,0.5271143451810693
1424,0.9386935752110506
1425,0.6222368087879646
1426,0.11755617581107182
1427,0.9488934860992022
1428,0.48030419640898436
1429,0.6822744898786214
1430,0.1442055737020631
1431,0.6860531342598375
1432,0.28161012515107325
1433,0.8582788238181771
1434,0.6663902234844707
1435,0.347127390331701
1436,0.546062025638918
1437,0.9936610539058138
1438,0.16917003317064636
1439,0.5726815964064454
1440,0.6652396541765921
1441,0.40347433981829767
1442,0.990238502799354
1443,0.9449710450170715
1444,0.357391220710371
1445,0.028792139708260094
1446,0.3256488852666042
1447,0.6381915505942588
1448,0.9355253806558506
1449,0.9741586654870065
1450,0.897127789779123
1451,0.8615795013916183
1452,0.7050874249963495
1453,0.26104530264114256
1454,0.4952826893676919
1455,0.6893564089281331
1456,0.33109684688802427
1457,0.27561387360013223
1458,0.43119804400470807
1459,0.5527349645942371
1460,0.6656719637499013
1461,0.6285505843421788
1462,0.13490921170361503
1463,0.25853029207935974
1464,0.39846813548300863
1465,0.8869678886162362
1466,0.9074776316854635
1467,0.7246286048006678
1468,0.024918649067324918
1469,0.5141269591230937
1470,0.2538121142110872
1471,0.22674976518607246
1472,0.313935996636141
1473,0.29516290385883126
1474,0.7090083240362404
1475,0.2773479456261506
1476,0.5509792518563832
1477,0.3811576772052688
1478,0.34249196963286
1479,0.9489547452458552
1480,0.21939562209265248
1481,0.04047760443130374
1482,0.9718812843949347
1483,0.10523517166108828
1484,0.10788962190862507
1485,0.28307648255426926
1486,0.2639356957808467
1487,0.6544294853116196
1488,0.9908557850615015
1489,0.4755642371077868
1490,0.5264433888492139
1491,0.3995841012247889
1492,0.18934410056926507
1493,0.9013061554376254
1494,0.5866879453870247
1495,0.11118719968704446
1496,0.7889541684657299
1497,0.45971491318911406
1498,0.0018967597879805814
1499,0.3255243692079176
1500,0.2593270773487356
1501,0.8169373703556633
1502,0.9428675592455021
1503,0.5390334642144289
1504,0.8673630732874875
1505,0.9095745700643967
1506,0.020236797383951774
1507,0.12547814200053095
1508,0.8853096996210178
1509,0.5284760226923363
1510,0.32650816921884357
1511,0.6598233671211373
1512,0.12580537081285262
1513,0.35586220971689253
1514,0.8061363742171535
1515,0.9618033359223214
1516,0.7604723496534431
1517,0.27479759856264313
1518,0.6932390915606221
1519,0.10128408079190883
1520,0.27206162211248075
1521,0.1869149036215967
1522,0.5850677838302156
1523,0.06109483357039623
1524,0.23882367662328324
1525,0.8247190141070029
1526,0.9439458086196286
1527,0.9228301566006201
1528,0.07610335846252052
1529,0.41546371884282784
1530,0.8158442460263112
1531,0.35148151494678853
1532,0.5182384453673512
1533,0.25911498223283946
1534,0.9311879371557039
1535,0.7012899953708963
1536,0.9525475306182634
1537,0.15655498383214145
1538,0.4130406773459039
1539,0.034376375859846806
1540,0.8917056433791879
1541,0.9856280246163055
1542,0.9290143253786911
1543,0.9185863286376105
1544,0.8914241824966418
1545,0.16226049143745985
1546,0.5457117684322006
1547,0.14347763379024905
1548,0.05719846824655496
1549,0.7436164368724987
1550,0.5338653032836952
1551,0.9097353150205035
1552,0.9485059852314982
1553,0.13317883345221473
1554,0.8308130895054603
1555,0.01515404282921018
1556,0.40911691587821325
1557,0.9731934893971214
1558,0.5738796263666219
1559,0.0944098527823217
1560,0.9511269189273196
1561,0.9216366050345197
1562,0.8692747221271445
1563,0.12045695283285882
1564,0.362157706657627
1565,0.5974855529228638
1566,0.8939934287669201
1567,0.5760789294316875
1568,0.376643312728193
1569,0.16427109743479495
1570,0.7697915620251753
1571,0.8825885012010173
1572,0.916885365601274
1573,0.7707845819759325
1574,0.7099849944919664
1575,0.025026879184209778
1576,0.9061760394302991
1577,0.5290931817144177
1578,0.8619669465427714
1579,0.7495339223327461
1580,0.03868391311869226
1581,0.4853495027068869
1582,0.7989508039083842
1583,0.8932081003225714
1584,0.93868177350779
1585,0.28664926791310275
1586,0.9214236628857839
1587,0.44537212538388643
1588,0.818451507910373
1589,0.6764590339809793
1590,0.040168781609245065
1591,0.7798422806861172
1592,0.874001891399203
1593,0.3321034247339962
1594,0.7222539123001634
1595,0.8946707347137839
1596,0.9694476216679266
1597,0.11969618945882644
1598,0.780239363582428
1599,0.12938456542877944
1600,0.030432506328910487
1601,0.12128777168093338
1602,0.8964319618636436
1603,0.050741517402988746
1604,0.07483121641230873
1605,0.7369739074881134
1606,0.5015157583199243
1607,0.7882295510202719
1608,0.9169107612640243
1609,0.3082608942179236
1610,0.15891322477117678
1611,0.9601773780696146
1612,0.6883225321243612
1613,0.9458169549154308
1614,0.17361317027365103
1615,0.596922868578704
1616,0.3241225801754022
1617,0.41709729281192987
1618,0.5464489933095945
1619,0.6764587137231671
1620,0.8141556014906673
1621,0.8379521593718424
1622,0.8465329464170499
1623,0.8111360257381343
1624,0.3164323105947237
1625,0.15112625166505275
1626,0.9601827163185873
1627,0.7870263304704955
1628,0.38990064820214565
1629,0.1916093756426636
1630,0.9447133950749776
1631,0.7847643017335159
1632,0.7996609990449389
1633,0.17733395090078002
1634,0.26193783313616803
1635,0.23916168096334262
1636,0.44771558814685114
1637,0.5567916825243916
1638,0.9407071055529381
1639,0.8589499619773201
1640,0.8069492857284455
1641,0.4827869288870822
1642,0.058436618507926835
1643,0.01029497387788253
1644,0.9316465289581332
1645,0.8400733771532052
1646,0.33599005115259273
1647,0.46268616425653236
1648,0.8750259469466695
1649,0.028139096673637606
1650,0.9660755093523657
1651,0.24952019118130725
1652,0.8402322271501912
1653,0.6094099458685671
1654,0.3773519102590758
1655,0.9696950618964317
1656,0.5536151174043061
1657,0.8487640888019651
1658,0.8546858021190654
1659,0.4979238316868267
1660,0.9899078709874629
1661,0.2885646208881025
1662,0.6185034958103981
1663,0.7584639363648699
1664,0.014485404349813083
1665,0.41741705033863175
1666,0.5071480468617163
1667,0.93830164818319
1668,0.6519990339880005
1669,0.4131381265932376
1670,0.6554190572877041
1671,0.9089849942224457
1672,0.7898460142669594
1673,0.688372288403489
1674,0.6596912978306138
1675,0.8695521820420807
1676,0.9649430145982041
1677,0.5583479438908557
1678,0.7757476275537657
1679,0.064763426651734
1680,0.7067621333600635
1681,0.687112713030754
1682,0.7264187567953533
1683,0.10822273586359052
1684,0.78040241489787
1685,0.7092437268797585
1686,0.2429052407949976
1687,0.1559857879936766
1688,0.9401494741623366
1689,0.9643510446695596
1690,0.24988212241424862
1691,0.0018967597879805814
1692,0.27651008947548616
1693,0.3649859611509351
1694,0.9018650610756637
1695,0.23677141011269226
1696,0.31863500007665035
1697,0.97278621608447
1698,0.5896551840473445
1699,0.3070667576096621
1700,0.3685451515832786
1701,0.5157974145969142
1702,0.6141672492271598
1703,0.6086809325794124
1704,0.610789040503612
1705,0.18191380269116106
1706,0.0896837936257044
1707,0.5811793672225134
1708,0.2978801481919201
1709,0.6464434846368723
1710,0.15039258910313846
1711,0.909958077153573
1712,0.3667353292944917
1713,0.20739275204282187
1714,0.8259720861886749
1715,0.8483054717910887
1716,0.9670061016916155
1717,0.49988213522783354
1718,0.16762973088643926
1719,0.28782549842551647
1720,0.20769892621863664
1721,0.3192541669798174
1722,0.7123423289153464
1723,0.23321364857179966
1724,0.46022845763787246
1725,0.439707317382921
1726,0.6945194718580087
1727,0.31521588228456315
1728,0.046685182128378556
1729,0.2038069514648807
1730,0.7959913675255746
1731,0.9435951092699828
1732,0.5030379358975959
1733,0.17553864338063963
1734,0.3792613034824104
1735,0.4106735064474967
1736,0.14410455898246824
1737,0.4790664853983526
1738,0.4540169364159535
1739,0.9778666800298348
1740,0.8139048703150549
1741,0.2925928587844653
1742,0.9214059433460707
1743,0.6391113054271705
1744,0.9741657259169119
1745,0.5454777792982528
1746,0.8210889959405142
1747,0.4963739068587397
1748,0.6398831544710956
1749,0.5042660429344291
1750,0.20902919787256893
1751,0.898210487608103
1752,0.3331686726714823
1753,0.4645841466256501
1754,0.8458382389980936
1755,0.11950635764139804
1756,0.3539904898400376
1757,0.09599677761361275
1758,0.715347737701141
1759,0.8527821509234504
1760,0.8411118311295244
1761,0.1132031697562326
1762,0.8149036004786866
1763,0.30520084073252085
1764,0.22616392568149174
1765,0.8123063396251375
1766,0.9776616968060804
1767,0.6700068721212643
1768,0.3673624650318541
1769,0.6321220231102684
1770,0.17092461928599506
1771,0.7791294737549741
1772,0.9029729449817123
1773,0.056135008069154904
1774,0.9203155068851457
1775,0.18441060698064674
1776,0.626181747827462
1777,0.1767543756271655
1778,0.36084102737491913
1779,0.28063529056712416
1780,0.7871029830669514
1781,0.47225783837383567
1782,0.36441104050458073
1783,0.1177537445788548
1784,0.17214198087429566
1785,0.5822030592814167
1786,0.38990520344205015
1787,0.04463687031879134
1788,0.663540045697992
1789,0.9323669120813441
1790,0.761655269412305
1791,0.4803074167800186
1792,0.9887755972705491
1793,0.8192451695998401
1794,0.2741889737748944
1795,0.6784947416938227
1796,0.23174798866567117
1797,0.06061187317330077
1798,0.06798928732495428
1799,0.3949302319524322
1800,0.35426907407830843
1801,0.11199246010047671
1802,0.2600422801576735
1803,0.05246929017794712
1804,0.903537299196213
1805,0.9812217962339735
1806,0.917932415179014
1807,0.27029705909315266
1808,0.1673824171083545
1809,0.7815249503880607
1810,0.18929541820229623
1811,0.7077035733843626
1812,0.6163220117548354
1813,0.11470443949319563
1814,0.45309721444613693
1815,0.8876294256327084
1816,0.8914882730143123
1817,0.9839623039194596
1818,0.8597931032582847
1819,0.5861822330186469
1820,0.1562673623384725
1821,0.33452359342197263
1822,0.9924823251867166
1823,0.961565511463616
1824,0.5602368489580585
1825,0.7972047688990862
1826,0.9863935813036092
1827,0.11270380897635185
1828,0.9608667106297617
1829,0.46247458008211817
1830,0.7918415663496968
1831,0.7529898673485738
1832,0.6752512101249569
1833,0.09496297080329745
1834,0.93853770852792
1835,0.13757840133263033
1836,0.1501446477482023
1837,0.49477567816677803
1838,0.21228307723608636
1839,0.2464762269951651
1840,0.9014507323512756
1841,0.7504788310512471
1842,0.39027806414973876
1843,0.3882789895458047
1844,0.33446647643159333
1845,0.7287816186561464
1846,0.9957597212207601
1847,0.3897175800197987
1848,0.21635825660479321
1849,0.7410204400258371
1850,0.5254059396880809
1851,0.1570261066274391
1852,0.18228604999856987
1853,0.17621699797610654
1854,0.4533036502575949
1855,0.27126848813688265
1856,0.42849576387735805
1857,0.9369603134557024
1858,0.6452355013868961
1859,0.29989361047155577
1860,0.7989481851178423
1861,0.4731530795252804
1862,0.25991033045793055
1863,0.24827345270398207
1864,0.1643541251872501
1865,0.10118820692755556
1866,0.9194334734775895
1867,0.30203848523951016
1868,0.8033990856681041
1869,0.34379922926885376
1870,0.8722182476163579
1871,0.8424437370343341
1872,0.2732309473816442
1873,0.9114717674068699
1874,0.14682760665125738
1875,0.262024133729012
1876,0.7141634459729855
1877,0.8640973236128265
1878,0.7883678998518462
1879,0.259171858832995
1880,0.7853456378875245
1881,0.6098681110982933
1882,0.17228621944124836
1883,0.962174716448835
1884,0.5685495424716525
1885,0.6726949416349339
1886,0.8673747802769691
1887,0.9568199165494674
1888,0.591522141291544
1889,0.9936247031483998
1890,0.3589108337249176
1891,0.683289270842502
1892,0.2988968807127661
1893,0.9685483889791495
1894,0.26679027379062026
1895,0.9635298056893714
1896,0.6368619995949553
1897,0.9817733334264087
1898,0.9170653621674946
1899,0.39179228451240666
1900,0.6158155151522603
1901,0.9873621210889524
1902,0.3638590989246413
1903,0.35802696517722554
1904,0.6685190236217821
1905,0.5894571986126489
1906,0.23376673278689733
1907,0.33032694285952446
1908,0.4134074068651248
1909,0.7207180137936688
1910,0.8073571336315976
1911,0.15437299986161127
1912,0.7252438067798936
1913,0.13672406886389388
1914,0.6077635332481442
1915,0.1161440063486803
1916,0.7456609105290551
1917,0.8359516078643916
1918,0.22530132423178414
1919,0.16955033150208268
1920,0.6684566849358395
1921,0.9680188846426586
1922,0.9521220930898379
1923,0.6868827686607298
1924,0.3258329996992551
1925,0.4502678079475078
1926,0.8892278882204363
1927,0.8577659336346213
1928,0.37635095212307207
1929,0.6798351371054712
1930,0.8219975708335802
1931,0.018493100969725347
1932,0.025317535567201236
1933,0.34428527409632514
1934,0.9922736200032949
1935,0.9542150997084381
1936,0.2577306818447784
1937,0.7547071169392195
1938,0.3351173531657126
1939,0.3276885133884101
1940,0.23238317189944818
1941,0.3233306232975349
1942,0.1298404826613194
1943,0.41940128695840895
1944,0.7326006641633422
1945,0.8915420776387833
1946,0.9073406329317414
1947,0.8769241854614038
1948,0.4718769976939172
1949,0.9150811185019181
1950,0.35364384067979077
1951,0.9759184502506066
1952,0.10756695539167432
1953,0.6884797592651024
1954,0.05365439146875348
1955,0.3673690764112336
1956,0.9937412833528895
1957,0.7049681578883568
1958,0.644938157790942
1959,0.381058108599577
1960,0.8821734293972655
1961,0.6400151235885904
1962,0.9504239577249416
1963,0.7199062920779831
1964,0.48705606870707296
1965,0.924413366974674
1966,0.7339360272155369
1967,0.4505842431982923
1968,0.3693800601541536
1969,0.13747330546861117
1970,0.8328777349386619
1971,0.940166417972981
1972,0.5067967053433731
1973,0.3621292457199933
1974,0.6751999211565013
1975,0.5422151804014105
1976,0.4716661578018008
1977,0.10345640185159395
1978,0.07367806736452442
1979,0.7108357705467986
1980,0.4648704455305391
1981,0.6507114003259791
1982,0.4946112859501858
1983,0.12593326651487866
1984,0.06844631760450703
1985,0.18478977712215466
1986,0.4326173623549877
1987,0.9774320508579961
1988,0.3317558523537462
1989,0.9544351767244941
1990,0.9084370588499557
1991,0.9119537067101637
1992,0.4219505707091878
1993,0.8948977574305992
1994,0.47353620375279154
1995,0.3934163287669312
1996,0.6357030200006019
1997,0.06829218102739083
1998,0.7404098570045838
1999,0.29595035949373766
2000,0.3749222794452665
2001,0.35707007539139035
2002,0.6466992223705872
2003,0.12515005799917026
2004,0.5364344577358645
2005,0.8223406773617357
2006,0.9797698336162733
2007,0.6916180336291422
2008,0.2950164673950233
2009,0.7411121183803083
2010,0.6805707947649725
2011,0.2824829906946559
2012,0.2578515001211748
2013,0.46883471854551595
2014,0.4143975478036235
2015,0.8233287915224539
2016,0.3668194726389031
2017,0.7370054495028483
2018,0.6852064773904272
2019,0.9653324763831048
2020,0.9750468810025993
2021,0.41036074957384827
2022,0.4550403128020625
2023,0.1057662741262024
2024,0.8330807156373664
2025,0.8001561985910268
2026,0.45598103349258134
2027,0.06122266432352292
2028,0.9947826830172621
2029,0.8960359358375566
2030,0.512026098494214
2031,0.262728178817705
2032,0.5354920419502925
2033,0.21592086163188137
2034,0.3307606813306036
2035,0.2858911415630044
2036,0.548522693410271
2037,0.8518836806273119
2038,0.623995045066201
2039,0.5650153453533506
2040,0.32701234249255007
2041,0.37668900698846064
2042,0.14264444872690663
2043,0.9140749222249791
2044,0.2844553250660786
2045,0.803113270434905
2046,0.16959764600018334
2047,0.22555047892114316
2048,0.5115460015357457
2049,0.6692322543532546
2050,0.11573016789362728
2051,0.9596825787239667
2052,0.9176827048568191
2053,0.9769378137445092
2054,0.9572275884478166
2055,0.5438887376570762
2056,0.5639967608845895
2057,0.9409974645759147
2058,0.7831111446037256
2059,0.9205677523435024
2060,0.24303547690462296
2061,0.513054623594453
2062,0.44479733854158676
2063,0.984587441848001
2064,0.4558342341358591
2065,0.6094560300145447
2066,0.40195003880180397
2067,0.5301077475529844
2068,0.4790795664951595
2069,0.779152028037908
2070,0.48916564596345125
2071,0.6617020716425911
2072,0.867979983727192
2073,0.40355427533036614
2074,0.3107800820771767
2075,0.9825010102794604
2076,0.34190465037406137
2077,0.9790918516429152
2078,0.818970837928266
2079,0.9349899812259497
2080,0.26609307373742674
2081,0.3923317346772473
2082,0.3740347522757213
2083,0.07113043258298522
2084,0.7347027428542482
2085,0.5883035374656695
2086,0.5956717171321783
2087,0.9907386409536111
2088,0.32801130605906503
2089,0.7572037961038104
2090,0.13994971649572593
2091,0.5880004784972878
2092,0.2067189724213666
2093,0.5290075200812882
2094,0.0018967597879805814
2095,0.8784452370800762
2096,0.29116051499305307
2097,0.5554379797139979
2098,0.43695033764730407
2099,0.469913892998142
2100,0.49470030442601604
2101,0.9442407582022182
2102,0.8640016400754424
2103,0.30340690798559655
2104,0.882505237179141
2105,0.4918066933816531
2106,0.6139301319973554
2107,0.38770349581464275
2108,0.5638530147745762
2109,0.10706781599311402
2110,0.8256812092850621
2111,0.06388423978745242
2112,0.6783493402554678
2113,0.9773162638163815
2114,0.9503695109053354
2115,0.9328561952560288
2116,0.25569018653951797
2117,0.9039041249184572
2118,0.6746117073191638
2119,0.966657772520379
2120,0.8074325338525222
2121,0.8969911045466793
2122,0.9171144300707298
2123,0.04219422560505215
2124,0.019084545006132193
2125,0.0062525750273586655
2126,0.22540696705662278
2127,0.7584719997876465
2128,0.18258048591851272
2129,0.43511688143808835
2130,0.7057335052201035
2131,0.2549392846353652
2132,0.31964931572039623
2133,0.3805514163621813
2134,0.17002135458294224
2135,0.9718394208716958
2136,0.3826010767958951
2137,0.44924877153591986
2138,0.03761422684991738
2139,0.336143491655853
2140,0.9730210015309194
2141,0.30543178580924657
2142,0.9423987380384481
2143,0.5412950617538294
2144,0.7257581890473787
2145,0.912096459914791
2146,0.16486207800281785
2147,0.24969813094602772
2148,0.8492893480380228
2149,0.30739922782058027
2150,0.9620565675945354
2151,0.2800162862136014
2152,0.8255601949970938
2153,0.7755263325838664
2154,0.49000311262101764
2155,0.6128324963554423
2156,0.5660310229230516
2157,0.34945854645667085
2158,0.40268934115295457
2159,0.30291689411467293
2160,0.9935573757893532
2161,0.19266341486080332
2162,0.25565566742580875
2163,0.5021446756781728
2164,0.823097908717885
2165,0.9185863286376105
2166,0.3358116196438955
2167,0.8617934503444304
2168,0.02965836863637523
2169,0.7407601078249639
2170,0.39151010426439536
2171,0.07912797197149253
2172,0.6682091278509166
2173,0.25611892811124043
2174,0.4100597730308585
2175,0.831737967215739
2176,0.2400027211304387
2177,0.5894641823432281
2178,0.0490582446299725
2179,0.17302851747761325
2180,0.7624546123022814
2181,0.17837091508101355
2182,0.3501485199434879
2183,0.5055921873150307
2184,0.4030541606290254
2185,0.0018967597879805814
2186,0.37783947610490576
2187,0.45860027953084004
2188,0.7503671441057178
2189,0.3490116544874842
2190,0.4525641239754183
2191,0.5413933420346633
2192,0.9543086172096062
2193,0.5934159042346346
2194,0.641169601887821
2195,0.33450527344194636
2196,0.16487106533656254
2197,0.7244457800006572
2198,0.08604415139958294
2199,0.16677888257585943
2200,0.8312649448569743
2201,0.49008499029623687
2202,0.7984309790078038
2203,0.6422105656524177
2204,0.32791698171390493
2205,0.25879738975083644
2206,0.7715718867393166
2207,0.8682063196480065
2208,0.8195344278723328
2209,0.8944429571442273
2210,0.021834426420573816
2211,0.23651223138998723
2212,0.9552496684409908
2213,0.8686342498719156
2214,0.7348927711768847
2215,0.04606781432685779
2216,0.8713666929759113
2217,0.844503580827063
2218,0.9908160674297593
2219,0.32673850482181777
2220,0.4521996523344676
2221,0.022096351854577766
2222,0.12791288100761358
2223,0.9600169888999156
2224,0.9921472068178873
2225,0.7189607418367864
2226,0.1547128471153226
2227,0.7357719339173832
2228,0.8519304835054186
2229,0.6794192097714333
2230,0.7313542957581279
2231,0.21291270905187407
2232,0.683864760956503
2233,0.13960787244821551
2234,0.3918231366372137
2235,0.45248132513101663
2236,0.1949656127730073
2237,0.9947826830172621
2238,0.8644208348403937
2239,0.2016139926690348
2240,0.06058222831125978
2241,0.5303125792832633
2242,0.2685098897196828
2243,0.13348648065234403
2244,0.3625235810204054
2245,0.8173648185923778
2246,0.32965458393301095
2247,0.9110051541216301
2248,0.09069027766936542
2249,0.41741705033863175
2250,0.10759951326053598
2251,0.24970026663387607
2252,0.7357919325791342
2253,0.9959866474028575
2254,0.6001127787226471
2255,0.2098614675836325
2256,0.2114043145300125
2257,0.15446526244636316
2258,0.29301697524683923
2259,0.6021036582031734
2260,0.3613605371947228
2261,0.9304321908004092
2262,0.21980480115055256
2263,0.0859199464257465
2264,0.1451186520812762
2265,0.1223772473653196
2266,0.4862352219949306
2267,0.4135612481351957
2268,0.600447131436068
2269,0.16086598310985747
2270,0.7749300492809903
2271,0.20907308879064768
2272,0.06013315889967008
2273,0.5057434736012572
2274,0.2490162094882039
2275,0.12657314278528448
2276,0.7442725283618193
2277,0.8692485295101569
2278,0.6352835049873328
2279,0.4038402778154416
2280,0.5271238143240942
2281,0.5371843411444869
2282,0.4938187719419799
2283,0.3641582366687969
2284,0.32969324772758907
2285,0.6437359469120093
2286,0.3285119234180553
2287,0.9347058765340741
2288,0.7942094365608935
2289,0.04680695878937439
2290,0.5059937874131735
2291,0.23269110818650154
2292,0.6330492620487399
2293,0.2488435125066215
2294,0.05450130917516419
2295,0.7174021283891234
2296,0.12988865248475037
2297,0.32182789890956054
2298,0.6490903809500774
2299,0.5599866970025225
2300,0.8358480808777838
2301,0.9483316101801436
2302,0.5342911154363869
2303,0.17787654446134346
2304,0.36434473416322805
2305,0.33326598882987807
2306,0.8758574915668185
2307,0.7218392557337983
2308,0.8487640888019651
2309,0.1833565665215583
2310,0.5971367965455342
2311,0.10127296232372356
2312,0.21470914616306652
2313,0.6279541190113032
2314,0.07403003942466141
2315,0.37218484304567645
2316,0.06871698248263537
2317,0.3423441331188864
2318,0.2362903360985073
2319,0.3751111571715865
2320,0.5474771784636883
2321,0.7173218384560627
2322,0.2977691487152005
2323,0.25064683420295125
2324,0.49753173288041297
2325,0.5445488768437435
2326,0.8654224704054626
2327,0.6752076474827078
2328,0.75770750201382
2329,0.27244585136237215
2330,0.47737042926548484
2331,0.6282167154288316
2332,0.9206328710019457
2333,0.05921616954623411
2334,0.9590755390141096
2335,0.718276021875101
2336,0.1490235833663827
2337,0.8480724196519711
2338,0.6638305333977017
2339,0.0949295243470181
2340,0.5785212405764992
2341,0.24694493015685828
2342,0.8319365626047523
2343,0.510415584858275
2344,0.3087356460985684
2345,0.15043723034671336
2346,0.6511402389884633
2347,0.031065702808101364
2348,0.9137085717685131
2349,0.7027445685150402
2350,0.8134123445566903
2351,0.7156864926765759
2352,0.10284657889804244
2353,0.46698798053338814
2354,0.7458775139107363
2355,0.5960901563219736
2356,0.9528725495148969
2357,0.8090579230211988
2358,0.7877588688469576
2359,0.7143521811860526
2360,0.27340420581512564
2361,0.4629038353354487
2362,0.49833697526202614
2363,0.923015986963811
2364,0.7513165068649846
2365,0.4106330512044939
2366,0.2694670368729324
2367,0.6534646885569141
2368,0.9817396398354153
2369,0.7723787342967211
2370,0.9491300515356939
2371,0.6920247468839433
2372,0.551878290039022
2373,0.46141914144101726
2374,0.310488042193026
2375,0.376757762207252
2376,0.42284152520602747
2377,0.6853555291461778
2378,0.3984397452692066
2379,0.8758051600416361
2380,0.41265129764049274
2381,0.8142467722341
2382,0.9002938822569369
2383,0.06739385090284981
2384,0.1852749370071405
2385,0.6514392675787974
2386,0.21336076760859812
2387,0.6990882035940547
2388,0.15041130141126616
2389,0.9474791481816094
2390,0.06978517103494117
2391,0.29905608862623123
2392,0.6129922595459119
2393,0.23503893346755747
2394,0.15970105520535605
2395,0.6504617254582492
2396,0.6945978595290033
2397,0.43989114886606434
2398,0.7000061735067138
2399,0.9925183063033242
2400,0.914374730537021
2401,0.4035945300249309
2402,0.14336431668075325
2403,0.1698957950412049
2404,0.4794290552237808
2405,0.7558958656937995
2406,0.2802387669779138
2407,0.12372123004365995
2408,0.3655537636216529
2409,0.8707870812440043
2410,0.10245405142312874
2411,0.3456012543015774
2412,0.8963419163234924
2413,0.7677378526485314
2414,0.14970138660139956
2415,0.8934749502759911
2416,0.8599297051530697
2417,0.0028994609119341254
2418,0.8276090742480732
2419,0.34321868111751364
2420,0.3765231519289021
2421,0.33551098606174207
2422,0.9653153868343264
2423,0.7189446490353
2424,0.13558861971163866
2425,0.6873594665486348
2426,0.13212080505825757
2427,0.7042648972200931
2428,0.8925429204398652
2429,0.8475479992928391
2430,0.17795432688263663
2431,0.6293100606500446
2432,0.7585211858933738
2433,0.8045116674126557
2434,0.160345881635004
2435,0.10417656918646248
2436,0.5049129770881677
2437,0.33902874935864763
2438,0.5620545450790888
2439,0.5251929879040345
2440,0.692765858626333
2441,0.8366330595702415
2442,0.2447660558215526
2443,0.8100343171598481
2444,0.33180170199069353
2445,0.4370210203070174
2446,0.6821793765387149
2447,0.8962760817817512
2448,0.44571354384194234
2449,0.5488638427002624
2450,0.6283777140788093
2451,0.1142945241002945
2452,0.996905890956074
2453,0.6537291339252885
2454,0.8615281547543535
2455,0.625254611756578
2456,0.6350281905001451
2457,0.14137838935753258
2458,0.7560804401913618
2459,0.8802054247504927
2460,0.4230273342569371
2461,0.8823071319268139
2462,0.06447638659605824
2463,0.2052763243399296
2464,0.25246216999784965
2465,0.5232814269918946
2466,0.011583586032939765
2467,0.07598466363385506
2468,0.1124428195993489
2469,0.36208869883891176
2470,0.632156222469213
2471,0.5187755194489969
2472,0.6442814275599545
2473,0.8501134344490926
2474,0.6579719887956007
2475,0.14144116318076175
2476,0.7449463397742243
2477,0.8278654972826494
2478,0.21662679308658409
2479,0.15865269914739422
2480,0.949509787119203
2481,0.909856784620429
2482,0.47059577462410873
2483,0.6526560968991234
2484,0.9374685018458861
2485,0.11882579237248331
2486,0.32434253168133553
2487,0.6709461548376547
2488,0.5708177719327193
2489,0.7416552100305617
2490,0.2705131777110731
2491,0.8936887619623382
2492,0.46642014472959736
2493,0.16462645905252848
2494,0.7264044481023942
2495,0.04000701914369351
2496,0.3940998764126912
2497,0.5125179965270916
2498,0.39078886093424114
2499,0.6356356648308255
2500,0.876401736473141
2501,0.12241191946849686
2502,0.9801400544713783
2503,0.78585692929963
2504,0.7548919155465516
2505,0.7846668767737461
2506,0.24603801376668175
2507,0.9241808091529369
2508,0.042183753637363944
2509,0.6232515862382254
2510,0.31773200033588567
2511,0.6767646340977195
2512,0.9434305953755421
2513,0.13832021770555014
2514,0.5639991788643842
2515,0.9930494223729937
2516,0.4558185681327832
2517,0.8154858630384756
2518,0.11622683152061357
2519,0.4227664525509241
2520,0.6855881248748404
2521,0.4125317318379159
2522,0.3376884853405685
2523,0.8901984703945488
2524,0.3532632552071197
2525,0.026444672674678097
2526,0.8151216892907488
2527,0.7344894562274484
2528,0.792296677551163
2529,0.21716369085016723
2530,0.47832444126375995
2531,0.41792016272872134
2532,0.2679777873085585
2533,0.42005522137221785
2534,0.8922886344686156
2535,0.29651693742193064
2536,0.8029222978254936
2537,0.9259370242667548
2538,0.698370972361048
2539,0.9464607019655943
2540,0.6385414536556373
2541,0.8970375132926299
2542,0.7216160868467887
2543,0.7704312687801791
2544,0.18320508841771185
2545,0.9813517838315567
2546,0.12050444859397899
2547,0.435146271727559
2548,0.8079301905973725
2549,0.3877596353484629
2550,0.9534450271885363
2551,0.08117060951125246
2552,0.5008786157077793
2553,0.8928593640956566
2554,0.5233677511433183
2555,0.8463501592875756
2556,0.0646288872438312
2557,0.40531116946887513
2558,0.9878114254684124
2559,0.19226481476574367
2560,0.9105075844734737
2561,0.3138672458155516
2562,0.19240764357266577
2563,0.1851144197385889
2564,0.43453795110022697
2565,0.08102936256694171
2566,0.9013061554376254
2567,0.8753550180682258
2568,0.4625158169691511
2569,0.6641214287006195
2570,0.8232136479981615
2571,0.9628297778645478
2572,0.9502985852547479
2573,0.14048139824684758
2574,0.2061664580176154
2575,0.9317197825695975
2576,0.16623178004073946
2577,0.36309661120944464
2578,0.4446861906294915
2579,0.23257553625175187
2580,0.17952108849859807
2581,0.9788170453028617
2582,0.9762274906800645
2583,0.1890805686280801
2584,0.30451714764405324
2585,0.516321633978178
2586,0.39580132344675023
2587,0.9753583328023886
2588,0.9684400556334918
2589,0.962989359487139
2590,0.6331675079582403
2591,0.26183161939299704
2592,0.6504617254582492
2593,0.1631444452612505
2594,0.8808514257737488
2595,0.13115874613871897
2596,0.9007915093130106
2597,0.9366881580694806
2598,0.37061800204781936
2599,0.04362379003012539
2600,0.09532817546420977
2601,0.8991353716693448
2602,0.13741713680280931
2603,0.8274714271628119
2604,0.6105094740702047
2605,0.21636424551037045
2606,0.16153194585478747
2607,0.9305466131377877
2608,0.9837020695508403
2609,0.4748317162214878
2610,0.962827268415522
2611,0.5869313813047451
2612,0.7094396389386561
2613,0.04524274774771977
2614,0.4594054021157364
2615,0.2587740992638654
2616,0.39725172232904005
2617,0.37254693524545324
2618,0.9081585649444099
2619,0.7570457899159904
2620,0.07579069802124239
2621,0.06892877948555272
2622,0.3812900964528957
2623,0.3879362402165252
2624,0.4912032364725284
2625,0.20744398964415395
2626,0.9648810583606037
2627,0.1959513786091621
2628,0.956476883635481
2629,0.43055639861471395
2630,0.9742017683693508
2631,0.24036963130905292
2632,0.5904494107160432
2633,0.8726366849959777
2634,0.48587804333533646
2635,0.903145434664057
2636,0.15423383313546518
2637,0.20990107898151683
2638,0.10688189287326769
2639,0.35668519794110903
2640,0.6172007258425173
2641,0.6413498186831492
2642,0.7070848447699274
2643,0.39677952868488775
2644,0.6164129793232428
2645,0.8502840865326097
2646,0.21064796882239956
2647,0.12452960348766894
2648,0.1315596899083422
2649,0.9872598600566459
2650,0.9501669149890597
2651,0.5764339812077479
2652,0.3667754620545448
2653,0.9947826830172621
2654,0.6335026993489156
2655,0.19027531531001257
2656,0.43839760534344113
2657,0.9580755011098947
2658,0.35639265723244984
2659,0.3628989122204421
2660,0.9187737436140511
2661,0.02328438550816443
2662,0.9251480407053015
2663,0.5039411455495579
2664,0.11792915767723725
2665,0.09592431860924767
2666,0.6697736555683865
2667,0.9515488748640959
2668,0.25876614705759887
2669,0.07716206181150623
2670,0.5138617657988129
2671,0.22657797006806626
2672,0.45673009728750324
2673,0.9115458374606815
2674,0.18495568317583447
2675,0.8528895519362332
2676,0.11015075516302462
2677,0.5934658730032726
2678,0.45988901079857764
2679,0.22175843738170004
2680,0.17956996867500666
2681,0.34939038557434793
2682,0.8192646234461047
2683,0.9414664806117348
2684,0.156442070736522
2685,0.05752337966955629
2686,0.7575616415615745
2687,0.6960729369808911
2688,0.10094735061127405
2689,0.45856547772125295
2690,0.4127739823889152
2691,0.45933164369844315
2692,0.6245195280023444
2693,0.8163845757468932
2694,0.40472422412874426
2695,0.5915509953286879
2696,0.843783180912072
2697,0.06949951850242143
2698,0.5071675443674679
2699,0.6581369973812962
2700,0.14701503143240333
2701,0.38045702250430047
2702,0.5517465712328823
2703,0.7797021736286192
2704,0.1351475713107534
2705,0.31264853796818387
2706,0.981437236981911
2707,0.1114319960812007
2708,0.028170650137499108
2709,0.15054303955149448
2710,0.8597517688901978
2711,0.20303520871596184
2712,0.029317527569595665
